Timestamp,Year,AverageError,LLM_Response,Incremental_Intervention,Current_Supply
2026-02-02 23:24:33,4,52%,-5,-0.50,1060575.68
2026-02-02 23:24:54,9,51%,0,0.00,1106948.41
2026-02-02 23:25:12,14,48%,-5,-0.50,1186165.00
2026-02-02 23:25:27,19,44%,-5,-0.50,1296288.38
2026-02-02 23:25:36,24,39%,-5,-0.50,1406161.02
2026-02-02 23:25:53,29,33%,-5,-0.50,1559755.45
2026-02-02 23:26:03,34,26%,-5,-0.50,1687152.10
2026-02-02 23:26:20,39,20%,-5,-0.50,1840357.94
2026-02-02 23:26:30,44,13%,-5,-0.50,1982572.92
2026-02-02 23:26:45,49,7%,-5,-0.50,2114996.69
2026-02-02 23:26:55,54,2%,-2,-0.20,2239534.22
2026-02-02 23:27:14,59,-5%,-1,-0.10,2379074.92
2026-02-02 23:27:28,64,-11%,3,0.30,2510080.82
2026-02-02 23:27:51,69,-16%,5,0.50,2619712.82
2026-02-02 23:28:12,74,-21%,-5,-0.50,2724778.78
2026-02-02 23:29:10,79,-25%,-5,-0.50,2789270.53
2026-02-02 23:29:23,84,-27%,5,0.50,2832512.01
2026-02-02 23:30:03,89,-27%,5,0.50,2830986.17
2026-02-02 23:30:29,94,-28%,5,0.50,2805722.76
2026-02-02 23:30:50,99,-26%,5,0.50,2787895.07
2026-02-02 23:31:10,104,-26%,5,0.50,2811301.86
2026-02-02 23:31:21,109,-25%,5,0.50,2780268.21
2026-02-02 23:31:49,114,-25%,5,0.50,2765406.98
2026-02-02 23:32:04,119,-25%,5,0.50,2759070.13
2026-02-02 23:32:29,124,-25%,5,0.50,2761986.42
2026-02-02 23:32:39,129,-26%,5,0.50,2796290.41
2026-02-02 23:32:49,134,-25%,5,0.50,2762222.26
2026-02-02 23:33:02,139,-26%,5,0.50,2806093.99
2026-02-02 23:33:15,144,-23%,5,0.50,2751172.28
2026-02-02 23:33:29,149,-24%,5,0.50,2733670.63
2026-02-02 23:33:44,154,-24%,5,0.50,2731168.91
2026-02-02 23:34:55,159,-24%,0,0.00,2749949.54
2026-02-02 23:35:08,164,-25%,5,0.50,2764329.74
